Year,Return
2020,0.0
2021,0.537602498538423
2022,-0.4169534457497009
2023,0.9974018543338898
